{
  "best_metric": null,
  "best_model_checkpoint": null,
  "epoch": 3.7243947858473,
  "global_step": 2000,
  "is_hyper_param_search": false,
  "is_local_process_zero": true,
  "is_world_process_zero": true,
  "log_history": [
    {
      "epoch": 0.93,
      "learning_rate": 3.836126629422719e-05,
      "loss": 0.1743,
      "step": 500
    },
    {
      "epoch": 1.86,
      "learning_rate": 2.672253258845438e-05,
      "loss": 0.067,
      "step": 1000
    },
    {
      "epoch": 2.79,
      "learning_rate": 1.5083798882681566e-05,
      "loss": 0.0278,
      "step": 1500
    },
    {
      "epoch": 3.72,
      "learning_rate": 3.445065176908752e-06,
      "loss": 0.0063,
      "step": 2000
    }
  ],
  "max_steps": 2148,
  "num_train_epochs": 4,
  "total_flos": 4.310602520707203e+18,
  "trial_name": null,
  "trial_params": null
}
